<?xml version='1.0' encoding='UTF-8' standalone='no'?>
<sbml xmlns="http://www.sbml.org/sbml/level3/version1/core" level="3" version="1">
  <model id="M">
    <listOfCompartments>
      <compartment constant="true" id="cell" size="0.5"/>
    </listOfCompartments>
    <listOfSpecies>
      <species boundaryCondition="false" compartment="cell" constant="false" hasOnlySubstanceUnits="false" id="A" initialAmount="0.15"/>
      <species compartment="cell" id="B" initialAmount="0.00032" name="B"/>
      <species compartment="cell" id="C" initialAmount="1" name="C"/>
      <species compartment="cell" id="D" initialAmount="0" name="D"/>
    </listOfSpecies>
    <listOfParameters>
      <parameter constant="true" id="p1" value="20"/>
      <parameter constant="true" id="p2" value="100"/>
    </listOfParameters>
    <listOfReactions>
      <reaction fast="false" id="R1" reversible="false">
        <listOfReactants>
          <speciesReference constant="true" species="A" stoichiometry="1"/>
        </listOfReactants>
        <listOfProducts>
          <speciesReference constant="true" species="B" stoichiometry="2"/>
        </listOfProducts>
        <kineticLaw>
          <math xmlns="http://www.w3.org/1998/Math/MathML">          
            <apply>
              <times/>
              <apply>
                <times/>
                <ci> cell </ci>
                <ci> A </ci>
              </apply>
              <ci> p1 </ci>
            </apply>
          </math>
                </kineticLaw>
      </reaction>
      <reaction fast="false" id="R2" reversible="false">
        <listOfReactants>
          <speciesReference constant="true" species="C" stoichiometry="2"/>
        </listOfReactants>
        <listOfProducts>
          <speciesReference constant="true" species="D" stoichiometry="1"/>
        </listOfProducts>
        <kineticLaw>
          <math xmlns="http://www.w3.org/1998/Math/MathML">          
            <apply>
              <times/>
              <apply>
                <times/>
                <ci> cell </ci>
                <ci> D </ci>
              </apply>
              <ci> p2 </ci>
            </apply>
          </math>
                </kineticLaw>
      </reaction>
    </listOfReactions>
  </model>
</sbml>