<?xml version="1.0" encoding="UTF-8"?>
<sbml xmlns="http://www.sbml.org/sbml/level3/version1/core" level="3" version="1">
	<model>
		<listOfUnitDefinitions>
			<unitDefinition id="minutes">
				<listOfUnits>
					<unit kind="second" exponent="1" multiplier="60" scale="0"/>
				</listOfUnits>
			</unitDefinition>
		</listOfUnitDefinitions>
		<listOfParameters>
			<parameter id="p" value="1" units="second" constant="false"/>
			<parameter id="p1" value="1" units="minutes" constant="false"/>
			<parameter id="p2" value="1" units="dimensionless" constant="false"/>
		</listOfParameters>
	</model>
</sbml>
