<?xml version='1.0' encoding='UTF-8' standalone='no'?>
<sbml xmlns="http://www.sbml.org/sbml/level3/version1/core" level="3" version="1">
  <model>
    <listOfCompartments>
      <compartment constant="true" id="c" size="1" spatialDimensions="3" units="litre"/>
    </listOfCompartments>
    <listOfSpecies>
      <species boundaryCondition="false" compartment="c" constant="false" hasOnlySubstanceUnits="false" id="s" initialAmount="2" substanceUnits="mole"/>
    </listOfSpecies>
  </model>
</sbml>