<?xml version='1.0' encoding='UTF-8' standalone='no'?>
<sbml xmlns="http://www.sbml.org/sbml/level3/version1/core" level="3" version="1">
  <model id="case00005" metaid="_case00005" name="case00005">
    <listOfCompartments>
      <compartment constant="true" id="compartment" name="C" size="1" spatialDimensions="3"/>
    </listOfCompartments>
    <listOfSpecies>
      <species boundaryCondition="false" compartment="compartment" constant="false" hasOnlySubstanceUnits="false" id="S1" initialAmount="0.00015" name="Species1"/>
      <species boundaryCondition="false" compartment="compartment" constant="false" hasOnlySubstanceUnits="false" id="S2" initialAmount="0.15" name="Species2"/>
    </listOfSpecies>
    <listOfParameters>
      <parameter constant="true" id="k1" name="Param1"/>
    </listOfParameters>
    <listOfReactions>
      <reaction fast="false" id="R1" name="reaction1" reversible="false">
        <listOfReactants>
          <speciesReference constant="true" species="S1" stoichiometry="2"/>
        </listOfReactants>
        <listOfProducts>
          <speciesReference constant="true" species="S2" stoichiometry="1"/>
        </listOfProducts>
        <kineticLaw>
          <math xmlns="http://www.w3.org/1998/Math/MathML">          
            <apply>
              <times/>
              <ci> compartment </ci>
              <ci> k1 </ci>
              <ci> S1 </ci>
            </apply>
          </math>
                </kineticLaw>
      </reaction>
    </listOfReactions>
      </model>
</sbml>